step,mean_qed,mean_reward,mean_diversity,loss,mean_kl,validity
1,0.7145,0.7145,0.8413,-0.6060,0.0000,1.0000
2,0.7395,0.7395,0.8392,-0.3393,0.0040,1.0000
3,0.6901,0.6901,0.8730,-0.8146,0.0105,1.0000
4,0.6751,0.6751,0.8493,-1.5336,0.0062,1.0000
5,0.6965,0.6965,0.8603,-0.9007,0.0068,1.0000
6,0.7364,0.7364,0.8638,-0.1893,0.0071,1.0000
7,0.7455,0.7455,0.8711,-0.1914,0.0067,1.0000
8,0.7418,0.7418,0.8531,-1.0632,0.0183,1.0000
9,0.7272,0.7272,0.8500,-0.8228,0.0130,1.0000
10,0.7123,0.7123,0.8658,-0.3842,0.0152,1.0000
11,0.7568,0.7568,0.8468,-0.8447,0.0022,1.0000
12,0.7574,0.7574,0.8576,-0.2210,0.0178,1.0000
13,0.6841,0.6841,0.8426,-0.4897,0.0176,1.0000
14,0.7253,0.7253,0.8566,-0.9752,0.0103,1.0000
15,0.7390,0.7390,0.8564,-0.4415,0.0102,1.0000
16,0.7061,0.7061,0.8557,-1.3838,0.0219,1.0000
17,0.7327,0.7327,0.8574,-1.0404,0.0117,1.0000
18,0.7268,0.7268,0.8641,-0.2206,0.0265,1.0000
19,0.6897,0.6897,0.8642,-0.9625,0.0166,1.0000
20,0.7263,0.7263,0.8625,-0.5926,0.0198,1.0000
21,0.6942,0.6942,0.8609,-0.6201,0.0457,1.0000
22,0.6996,0.6996,0.8613,-2.1934,0.0317,1.0000
23,0.7306,0.7306,0.8487,-0.7029,0.0263,1.0000
24,0.7093,0.7093,0.8660,-0.8102,0.0080,1.0000
25,0.7388,0.7388,0.8575,-1.2345,0.0352,1.0000
26,0.6927,0.6927,0.8682,-1.0741,0.0154,1.0000
27,0.7036,0.7036,0.8548,-0.9815,0.0204,1.0000
28,0.7101,0.7101,0.8803,-1.8135,0.0100,1.0000
29,0.7394,0.7394,0.8672,-0.5213,0.0389,1.0000
30,0.7308,0.7308,0.8552,-0.4839,0.0067,1.0000
31,0.7481,0.7481,0.8589,-1.1073,0.0263,1.0000
32,0.7077,0.7077,0.8601,-1.6182,0.0409,1.0000
33,0.6919,0.6919,0.8761,-1.3682,0.0054,1.0000
34,0.7449,0.7449,0.8480,-0.9229,0.0122,1.0000
35,0.6565,0.6565,0.8643,-0.6432,0.0331,1.0000
36,0.7350,0.7350,0.8491,-0.5099,0.0354,1.0000
37,0.7192,0.7192,0.8723,-1.0070,0.0237,1.0000
38,0.6806,0.6806,0.8580,-0.7020,0.0089,1.0000
39,0.7321,0.7321,0.8549,-0.5964,0.0351,1.0000
40,0.6990,0.6990,0.8481,-0.7422,0.0307,1.0000
41,0.7349,0.7349,0.8648,-0.8886,0.0452,1.0000
42,0.7009,0.7009,0.8615,-0.7640,0.0130,1.0000
43,0.7165,0.7165,0.8644,-1.0718,0.0000,1.0000
44,0.7197,0.7197,0.8703,-0.2453,0.0263,1.0000
45,0.6766,0.6766,0.8693,-0.5712,0.0108,1.0000
46,0.7363,0.7363,0.8691,-0.5972,0.0452,1.0000
47,0.7264,0.7264,0.8627,-1.6555,0.0475,1.0000
48,0.7582,0.7582,0.8551,-0.6485,0.0320,1.0000
49,0.7307,0.7307,0.8462,-0.6621,0.0611,1.0000
50,0.7475,0.7475,0.8648,-0.1647,0.0035,1.0000
51,0.7043,0.7043,0.8674,-0.2447,0.0305,1.0000
52,0.7182,0.7182,0.8757,-0.5752,0.1030,1.0000
53,0.7591,0.7591,0.8494,-1.1383,0.0534,1.0000
54,0.7277,0.7277,0.8711,-1.9216,0.0186,1.0000
55,0.6550,0.6550,0.8744,-1.7861,0.0058,1.0000
56,0.7116,0.7116,0.8589,-0.6617,0.0480,1.0000
57,0.7416,0.7416,0.8509,-0.5127,0.0657,1.0000
58,0.6881,0.6881,0.8797,-2.8075,0.0087,1.0000
59,0.6944,0.6944,0.8511,-0.4016,0.0251,1.0000
60,0.7193,0.7193,0.8628,-1.7558,0.0524,1.0000
61,0.7287,0.7287,0.8570,-0.7722,0.0275,1.0000
62,0.6987,0.6987,0.8632,-2.2184,0.0377,1.0000
63,0.7128,0.7128,0.8544,-2.5801,0.0342,1.0000
64,0.7345,0.7345,0.8734,-0.7096,0.0047,1.0000
65,0.6779,0.6779,0.8822,-2.6177,0.0516,1.0000
66,0.6884,0.6884,0.8755,-1.1958,0.0346,1.0000
67,0.7663,0.7663,0.8668,-1.1568,0.0245,1.0000
68,0.6440,0.6440,0.8777,-3.7755,0.1183,1.0000
69,0.6559,0.6559,0.8727,-2.4847,0.0420,1.0000
70,0.6449,0.6449,0.8769,-2.4777,0.1449,1.0000
71,0.7035,0.7035,0.8818,-1.1827,0.0292,1.0000
72,0.7035,0.7035,0.8766,-3.7249,0.0601,1.0000
73,0.7252,0.7252,0.8708,-2.1473,0.0345,1.0000
74,0.7586,0.7586,0.8620,-2.7117,0.0447,1.0000
75,0.7329,0.7329,0.8700,-1.6352,0.0587,1.0000
76,0.6707,0.6707,0.8841,-2.8068,0.0294,1.0000
77,0.6786,0.6786,0.8716,-0.8303,0.0792,1.0000
78,0.6585,0.6585,0.8783,-4.3365,0.0541,1.0000
79,0.6713,0.6713,0.8482,-1.5633,0.0433,1.0000
80,0.6827,0.6827,0.8671,-1.3299,0.0455,1.0000
81,0.6782,0.6782,0.8783,-2.8654,0.0040,1.0000
82,0.6888,0.6888,0.8673,-2.1140,0.0006,1.0000
83,0.6619,0.6619,0.8871,-2.2772,0.0817,1.0000
84,0.6991,0.6991,0.8886,-4.4038,0.0180,1.0000
85,0.6512,0.6512,0.8868,-3.2089,0.0392,1.0000
86,0.7398,0.7398,0.8709,-3.2613,0.0469,1.0000
87,0.7413,0.7413,0.8804,-4.9717,0.0664,1.0000
88,0.6492,0.6492,0.8773,-2.0671,0.0186,1.0000
89,0.6962,0.6962,0.8892,-2.9061,0.1399,1.0000
90,0.6873,0.6873,0.8763,-1.2404,0.0574,1.0000
91,0.6994,0.6994,0.8766,-2.4569,0.1237,1.0000
92,0.6903,0.6903,0.8749,-5.2687,0.0636,1.0000
93,0.6797,0.6797,0.8877,-5.4443,0.0006,1.0000
94,0.6567,0.6567,0.8859,-4.2298,0.0260,1.0000
95,0.6334,0.6334,0.8882,-5.9548,0.0257,1.0000
96,0.6271,0.6271,0.9013,-1.5521,0.0278,1.0000
97,0.6555,0.6555,0.8814,-4.4382,0.1081,1.0000
98,0.7173,0.7173,0.8830,-3.6995,0.0769,1.0000
99,0.6435,0.6435,0.8916,-3.2206,0.0465,1.0000
100,0.5402,0.5402,0.9044,-11.1306,0.0517,1.0000
101,0.6247,0.6247,0.9027,-3.5945,0.1510,1.0000
102,0.6549,0.6549,0.8995,-3.9953,0.0166,1.0000
103,0.6134,0.6134,0.8949,-7.1513,0.0391,1.0000
104,0.6388,0.6388,0.8947,-3.4422,0.1315,1.0000
105,0.6514,0.6514,0.8902,-4.6153,0.0813,1.0000
106,0.5931,0.5931,0.8992,-6.6627,0.0893,1.0000
107,0.5940,0.5940,0.9063,-4.0161,0.1553,1.0000
108,0.6375,0.6375,0.8938,-6.0616,0.0641,1.0000
109,0.6124,0.6124,0.8892,-7.3943,0.1077,1.0000
110,0.6511,0.6511,0.9110,-4.0431,0.0112,1.0000
111,0.5640,0.5640,0.9223,-8.0050,0.0590,1.0000
112,0.6246,0.6246,0.8970,-9.7886,0.1994,1.0000
113,0.6096,0.6096,0.9003,-7.0171,0.0689,1.0000
114,0.6453,0.6453,0.9079,-7.9823,0.0635,1.0000
115,0.5646,0.5646,0.9256,-7.1210,0.0259,1.0000
116,0.5563,0.5563,0.9179,-9.7204,0.1700,1.0000
117,0.5723,0.5723,0.9204,-11.6355,0.0871,1.0000
118,0.4741,0.4741,0.9286,-8.2774,0.0000,1.0000
119,0.6404,0.6404,0.8988,-7.4994,0.0707,1.0000
120,0.5978,0.5978,0.9160,-16.0326,0.0374,1.0000
121,0.4909,0.4909,0.9296,-12.9892,0.1436,1.0000
122,0.5719,0.5719,0.9325,-9.2598,0.0035,1.0000
123,0.5618,0.5618,0.9267,-14.9433,0.1268,1.0000
124,0.5015,0.5015,0.9241,-10.2424,0.0358,1.0000
125,0.5660,0.5660,0.9182,-9.9958,0.1594,1.0000
126,0.5242,0.5242,0.9329,-20.3866,0.0779,1.0000
127,0.5557,0.5557,0.9216,-12.6338,0.3669,1.0000
128,0.4546,0.4546,0.9400,-13.8947,0.0968,1.0000
129,0.4940,0.4940,0.9133,-14.9675,0.1623,1.0000
130,0.4778,0.4778,0.9410,-13.5222,0.0157,1.0000
131,0.5443,0.5443,0.9194,-18.8578,0.1201,1.0000
132,0.4756,0.4756,0.9097,-16.6257,0.0494,1.0000
133,0.4897,0.4897,0.9440,-18.5112,0.0160,1.0000
134,0.4727,0.4727,0.9372,-16.4100,0.0542,1.0000
135,0.3595,0.3595,0.9515,-11.5674,0.1017,1.0000
136,0.4171,0.4171,0.9455,-13.1240,0.0060,1.0000
137,0.3791,0.3791,0.9429,-13.5961,0.0686,1.0000
138,0.4849,0.4849,0.9344,-17.4181,0.2730,1.0000
139,0.4879,0.4879,0.9346,-13.7640,0.0000,1.0000
140,0.4153,0.4153,0.9436,-12.6885,0.0880,1.0000
141,0.3644,0.3644,0.9554,-20.0702,0.1916,1.0000
142,0.4342,0.4342,0.9474,-16.4239,0.1467,1.0000
143,0.4291,0.4291,0.9599,-14.9985,0.0801,1.0000
144,0.4173,0.4173,0.9422,-20.7741,0.0475,1.0000
145,0.4647,0.4647,0.9412,-21.0586,0.1257,1.0000
146,0.5028,0.5028,0.9490,-22.4274,0.1765,1.0000
147,0.4499,0.4499,0.9645,-20.4965,0.0000,1.0000
148,0.3773,0.3773,0.9490,-13.8221,0.0356,1.0000
149,0.4560,0.4560,0.9568,-21.6363,0.0078,1.0000
150,0.4185,0.4185,0.9598,-25.0245,0.0000,1.0000
151,0.4245,0.4245,0.9535,-20.1011,0.0000,1.0000
152,0.3626,0.3626,0.9542,-28.6870,0.0000,1.0000
153,0.3624,0.3624,0.9611,-14.1747,0.0000,1.0000
154,0.4442,0.4442,0.9593,-17.2965,0.1492,1.0000
155,0.4031,0.4031,0.9518,-21.0198,0.1010,1.0000
156,0.4123,0.4123,0.9567,-24.5551,0.0000,1.0000
157,0.4652,0.4652,0.9480,-23.5489,0.0000,1.0000
158,0.3312,0.3312,0.9681,-15.3079,0.0719,1.0000
159,0.4699,0.4699,0.9554,-33.9167,0.0804,1.0000
160,0.3411,0.3411,0.9580,-17.1870,0.0129,1.0000
161,0.3776,0.3776,0.9575,-23.4443,0.0000,1.0000
162,0.3469,0.3469,0.9515,-12.6695,0.0000,1.0000
163,0.3675,0.3675,0.9604,-20.6790,0.1408,1.0000
164,0.3911,0.3911,0.9512,-19.2148,0.0144,1.0000
165,0.3443,0.3443,0.9632,-24.2676,0.2206,1.0000
166,0.3333,0.3333,0.9585,-14.6657,0.0448,1.0000
167,0.4026,0.4026,0.9574,-35.0036,0.2444,1.0000
168,0.3814,0.3814,0.9591,-27.5741,0.0000,1.0000
169,0.3714,0.3714,0.9570,-18.9570,0.0000,1.0000
170,0.4064,0.4064,0.9473,-26.2709,0.0000,1.0000
171,0.3463,0.3463,0.9394,-22.6705,0.1468,1.0000
172,0.3868,0.3868,0.9625,-17.8559,0.0000,1.0000
173,0.4099,0.4099,0.9499,-36.3605,0.0086,1.0000
174,0.4319,0.4319,0.9506,-36.7063,0.0000,1.0000
175,0.4310,0.4310,0.9409,-38.7514,0.0338,1.0000
176,0.3758,0.3758,0.9317,-25.6281,0.0095,1.0000
177,0.3703,0.3703,0.9436,-28.0660,0.0000,1.0000
178,0.3904,0.3904,0.9642,-31.4137,0.0072,1.0000
179,0.3555,0.3555,0.9317,-27.8271,0.0000,1.0000
180,0.3938,0.3938,0.9541,-38.0366,0.0000,1.0000
181,0.3219,0.3219,0.9434,-31.5484,0.1258,1.0000
182,0.4205,0.4205,0.9525,-28.6558,0.0403,1.0000
183,0.4469,0.4469,0.9197,-51.0809,0.0037,1.0000
184,0.4242,0.4242,0.9462,-35.3106,0.0117,1.0000
185,0.3393,0.3393,0.9424,-29.0485,0.0237,1.0000
186,0.4240,0.4240,0.9342,-37.8208,0.0000,1.0000
187,0.4302,0.4302,0.9480,-47.6951,0.0000,1.0000
188,0.3745,0.3745,0.9389,-26.6977,0.0000,1.0000
189,0.3070,0.3070,0.8984,-20.3398,0.0000,1.0000
190,0.4012,0.4012,0.9191,-43.6173,0.0000,1.0000
191,0.3637,0.3637,0.9288,-20.3845,0.0000,1.0000
192,0.4261,0.4261,0.9629,-29.2550,0.0000,1.0000
193,0.4297,0.4297,0.9456,-18.1591,0.0000,1.0000
194,0.3849,0.3849,0.9415,-39.3770,0.0000,1.0000
195,0.4048,0.4048,0.9457,-41.5844,0.0000,1.0000
196,0.3420,0.3420,0.9273,-40.2857,0.0025,1.0000
197,0.3701,0.3701,0.9348,-41.4149,0.0126,1.0000
198,0.3521,0.3521,0.9246,-47.8429,0.0133,1.0000
199,0.4040,0.4040,0.9517,-47.2990,0.0000,1.0000
200,0.3264,0.3264,0.8909,-22.1367,0.0000,1.0000
