epoch,step,train_loss,val_loss,lr,tokens_per_sec,elapsed_min
1,50,1.930133,,5.29e-06,1120.0,1.8
1,100,1.723878,,1.058e-05,921.6,3.85
1,150,1.282483,,1.586e-05,914.0,6.32
1,200,1.275999,,2.115e-05,931.3,8.49
1,250,1.079705,,2.644e-05,908.1,10.68
1,300,1.056655,,3.173e-05,946.0,12.85
1,350,0.886485,,3.702e-05,951.7,14.93
1,400,1.060599,,4.231e-05,982.9,16.99
1,450,0.813852,,4.759e-05,959.4,19.06
1,500,0.882548,,5.288e-05,978.8,21.14
1,550,0.792343,,5.817e-05,974.4,23.24
1,600,0.993179,,6.346e-05,971.9,25.29
1,650,1.010914,,6.875e-05,962.9,27.37
1,700,0.646561,,7.403e-05,869.6,29.71
1,750,0.739688,,7.932e-05,921.1,31.92
1,800,0.916597,,8.461e-05,903.6,34.13
1,850,0.874938,,8.99e-05,912.2,36.41
1,900,0.841732,,9.519e-05,842.2,38.76
1,950,0.806383,,0.00010048,1009.8,40.81
1,1000,0.645888,,0.00010576,996.5,42.89
1,1050,0.689912,,0.00011105,960.2,45.01
1,1100,1.05063,,0.00011634,981.0,47.04
1,1150,1.075018,,0.00012163,967.8,49.15
1,1200,0.873115,,0.00012692,949.1,51.28
1,1250,0.863843,,0.00013221,957.3,53.37
1,1300,0.815669,,0.00013749,949.1,55.5
1,1350,0.855131,,0.00014278,960.7,57.56
1,1400,0.908124,,0.00014807,881.1,59.81
1,1450,0.812309,,0.00015336,871.2,62.14
1,1500,0.786272,,0.00015865,925.7,64.38
1,1500,,0.805754,0.00015865,925.7,70.83
1,1550,0.814079,,0.00016393,948.3,73.32
1,1600,0.746363,,0.00016922,952.1,75.39
1,1650,0.885841,,0.00017451,983.3,77.45
1,1700,0.930027,,0.0001798,950.4,79.56
1,1750,1.019393,,0.00018509,974.4,81.68
1,1800,0.798281,,0.00019038,964.6,83.75
1,1850,0.852987,,0.00019566,911.4,85.95
1,1900,0.799426,,0.0002,965.1,88.13
1,1950,0.961157,,0.0002,955.6,90.24
1,2000,0.684716,,0.00019999,918.2,92.41
1,2050,0.715214,,0.00019999,938.4,94.51
1,2100,0.743085,,0.00019998,941.1,96.63
1,2150,0.914028,,0.00019996,995.8,98.7
1,2200,0.684547,,0.00019995,954.2,100.81
1,2250,0.750467,,0.00019993,989.1,102.89
1,2300,0.814734,,0.00019991,979.5,104.98
1,2350,0.839236,,0.00019988,892.6,107.31
1,2400,0.81535,,0.00019985,944.5,109.43
1,2450,0.918959,,0.00019982,989.4,111.54
1,2500,0.690119,,0.00019979,954.0,113.66
1,2550,0.838195,,0.00019976,891.7,115.99
1,2600,0.7493,,0.00019972,882.8,118.22
1,2650,0.893695,,0.00019968,914.5,120.47
1,2700,0.917239,,0.00019963,892.7,122.72
1,2750,0.722823,,0.00019959,897.8,124.97
1,2800,0.870833,,0.00019954,964.0,127.04
1,2850,0.663206,,0.00019948,965.0,129.15
1,2900,0.895549,,0.00019943,965.6,131.26
1,2950,0.955904,,0.00019937,966.4,133.35
1,3000,0.69871,,0.00019931,913.3,135.52
1,3000,,0.736225,0.00019931,913.3,141.52
1,3050,0.718658,,0.00019925,936.2,144.29
1,3100,0.700141,,0.00019918,923.8,146.5
1,3150,0.793239,,0.00019911,932.4,148.62
1,3200,0.844293,,0.00019904,919.9,150.78
1,3250,0.713899,,0.00019896,903.9,153.03
1,3300,0.798068,,0.00019889,938.3,155.17
1,3350,0.928229,,0.00019881,995.2,157.22
1,3400,0.745517,,0.00019872,933.5,159.36
1,3450,0.740688,,0.00019864,976.8,161.44
1,3500,0.685034,,0.00019855,968.9,163.49
1,3550,0.677409,,0.00019846,955.5,165.6
1,3600,0.760093,,0.00019836,934.5,167.72
1,3650,1.126488,,0.00019827,949.3,169.79
1,3700,0.808196,,0.00019817,1038.6,171.81
1,3750,0.762614,,0.00019806,966.6,173.89
1,3800,0.693022,,0.00019796,940.5,176.02
1,3850,0.633415,,0.00019785,1001.7,178.05
1,3900,0.793101,,0.00019774,972.3,180.11
1,3950,0.767271,,0.00019763,958.4,182.22
1,4000,0.85586,,0.00019751,977.8,184.3
1,4050,0.666759,,0.00019739,951.0,186.4
1,4100,0.794363,,0.00019727,942.2,188.52
1,4150,0.67727,,0.00019715,972.5,190.62
1,4200,0.790668,,0.00019702,993.5,192.68
1,4250,0.591717,,0.00019689,966.8,194.75
1,4300,0.802044,,0.00019676,938.5,196.87
1,4350,0.887944,,0.00019662,943.4,198.99
1,4400,0.817415,,0.00019648,917.7,201.14
1,4450,0.836143,,0.00019634,973.4,203.16
1,4500,0.755403,,0.0001962,913.2,205.32
1,4500,,0.70786,0.0001962,913.2,211.36
1,4550,0.81719,,0.00019605,921.7,214.02
1,4600,0.874795,,0.00019591,1005.2,216.07
1,4650,0.709971,,0.00019575,1005.8,218.17
1,4700,0.738388,,0.0001956,937.0,220.28
1,4750,0.738752,,0.00019544,956.5,222.38
1,4800,0.643672,,0.00019528,952.3,224.49
1,4850,0.667592,,0.00019512,817.3,227.08
1,4900,0.932025,,0.00019496,874.4,229.35
1,4950,0.557828,,0.00019479,856.4,231.7
1,5000,0.637414,,0.00019462,853.8,234.04
1,5050,0.635988,,0.00019445,903.0,236.29
1,5100,0.570081,,0.00019427,947.0,238.4
1,5150,0.770106,,0.00019409,934.2,240.53
1,5200,0.640517,,0.00019391,887.3,242.76
1,5250,0.654313,,0.00019373,928.1,245.02
1,5300,0.754984,,0.00019354,829.9,247.47
1,5350,0.588165,,0.00019335,851.5,249.78
1,5400,0.525269,,0.00019316,855.1,252.1
1,5450,0.900138,,0.00019297,927.3,254.22
1,5500,0.801508,,0.00019277,886.5,256.47
1,5550,0.734073,,0.00019257,863.7,258.94
1,5600,0.741865,,0.00019237,920.9,261.09
1,5650,0.622317,,0.00019217,937.2,263.26
1,5700,0.486067,,0.00019196,927.4,265.45
1,5750,0.674387,,0.00019175,915.2,267.64
1,5800,0.73865,,0.00019154,954.5,269.76
1,5850,0.644936,,0.00019132,940.7,271.86
1,5900,0.651954,,0.00019111,972.9,273.92
1,5950,0.6617,,0.00019089,971.8,276.03
1,6000,0.786328,,0.00019066,965.3,278.11
1,6000,,0.684292,0.00019066,965.3,284.0
1,6050,0.870933,,0.00019044,935.6,286.67
1,6100,0.626148,,0.00019021,968.1,288.72
1,6150,0.746523,,0.00018998,977.7,290.79
1,6200,0.721169,,0.00018975,948.1,292.87
1,6250,0.887455,,0.00018951,1012.4,294.88
1,6300,0.599468,,0.00018928,960.9,297.0
2,6350,0.669582,,0.00018904,993.2,299.03
2,6400,0.754422,,0.00018879,925.2,301.19
2,6450,0.786428,,0.00018855,977.0,303.26
2,6500,0.487674,,0.0001883,983.3,305.32
2,6550,0.801339,,0.00018805,968.0,307.39
2,6600,0.57192,,0.0001878,962.8,309.49
2,6650,0.619362,,0.00018754,927.9,311.63
2,6700,0.737027,,0.00018729,933.0,313.77
2,6750,0.830396,,0.00018703,986.5,315.83
2,6800,0.718994,,0.00018677,945.7,317.96
2,6850,0.678951,,0.0001865,1026.7,320.0
2,6900,0.626945,,0.00018623,984.4,322.1
2,6950,0.900787,,0.00018596,1002.5,324.14
2,7000,0.752553,,0.00018569,965.5,326.21
2,7050,0.837653,,0.00018542,1016.0,328.26
2,7100,0.759665,,0.00018514,944.9,330.36
2,7150,0.675038,,0.00018486,978.8,332.43
2,7200,0.739807,,0.00018458,952.7,334.54
2,7250,0.729582,,0.0001843,1008.1,336.62
2,7300,0.970123,,0.00018401,999.8,338.67
2,7350,0.511172,,0.00018372,983.9,340.75
2,7400,0.6588,,0.00018343,937.0,342.86
2,7450,0.62899,,0.00018314,960.0,344.96
2,7500,0.557316,,0.00018284,969.1,347.01
2,7500,,0.668428,0.00018284,969.1,353.0
2,7550,0.624226,,0.00018254,886.1,355.94
2,7600,0.433118,,0.00018224,931.2,358.12
2,7650,0.697275,,0.00018194,911.9,360.37
2,7700,1.093748,,0.00018164,895.9,362.66
2,7750,0.800854,,0.00018133,930.5,364.83
2,7800,0.532741,,0.00018102,968.9,366.96
2,7850,0.632507,,0.00018071,1017.2,369.0
2,7900,0.546851,,0.00018039,1003.4,371.1
2,7950,0.599034,,0.00018008,939.0,373.23
2,8000,0.745337,,0.00017976,952.2,375.32
2,8050,0.606482,,0.00017944,995.2,377.39
2,8100,0.646199,,0.00017911,977.0,379.46
2,8150,0.6405,,0.00017879,919.1,381.68
2,8200,0.611122,,0.00017846,947.1,383.81
2,8250,0.789444,,0.00017813,927.3,385.95
2,8300,0.745976,,0.0001778,1002.4,388.01
2,8350,0.728418,,0.00017747,999.7,390.07
2,8400,0.718001,,0.00017713,915.7,392.38
2,8450,0.60186,,0.00017679,968.9,394.49
2,8500,0.528265,,0.00017645,947.3,396.62
2,8550,0.721894,,0.00017611,974.8,398.72
2,8600,0.64866,,0.00017576,943.7,400.82
2,8650,0.597411,,0.00017542,967.9,402.88
2,8700,0.663067,,0.00017507,951.6,404.96
2,8750,0.630375,,0.00017472,1021.7,406.97
2,8800,0.804674,,0.00017436,985.9,409.03
2,8850,0.69811,,0.00017401,953.3,411.11
2,8900,0.716344,,0.00017365,925.5,413.24
2,8950,0.594454,,0.00017329,919.8,415.38
2,9000,0.889164,,0.00017293,975.1,417.42
2,9000,,0.63718,0.00017293,975.1,423.41
2,9050,0.587043,,0.00017256,955.3,425.95
2,9100,0.633632,,0.0001722,990.1,427.96
2,9150,0.752428,,0.00017183,948.4,430.07
2,9200,0.642887,,0.00017146,975.5,432.13
2,9250,0.539764,,0.00017109,981.1,434.19
2,9300,0.579596,,0.00017072,950.4,436.32
2,9350,0.366142,,0.00017034,940.9,438.42
2,9400,0.86694,,0.00016996,946.8,440.51
2,9450,0.828532,,0.00016958,955.4,442.61
2,9500,0.717139,,0.0001692,946.9,444.69
2,9550,0.557409,,0.00016882,960.0,446.79
2,9600,0.576084,,0.00016843,990.5,448.83
2,9650,0.644165,,0.00016805,948.0,450.96
2,9700,0.578423,,0.00016766,921.5,453.12
2,9750,0.688194,,0.00016726,911.0,455.29
2,9800,0.669507,,0.00016687,964.5,457.38
2,9850,0.71432,,0.00016648,933.2,459.53
2,9900,0.693116,,0.00016608,985.1,461.62
2,9950,0.575885,,0.00016568,912.2,463.81
2,10000,0.688843,,0.00016528,869.2,466.06
2,10050,0.634468,,0.00016488,877.0,468.51
2,10100,0.725879,,0.00016447,889.7,470.76
2,10150,0.690256,,0.00016407,910.0,472.97
2,10200,0.586516,,0.00016366,918.4,475.16
2,10250,0.60935,,0.00016325,980.7,477.28
2,10300,0.63166,,0.00016284,974.5,479.37
2,10350,0.679962,,0.00016243,981.3,481.44
2,10400,0.554456,,0.00016201,899.2,483.64
2,10450,0.718355,,0.00016159,935.5,485.79
2,10500,0.57256,,0.00016118,944.7,487.88
2,10500,,0.642237,0.00016118,944.7,494.07
2,10550,0.566593,,0.00016076,891.8,496.34
2,10600,0.769426,,0.00016033,904.7,498.6
2,10650,0.591926,,0.00015991,924.5,500.82
2,10700,0.991928,,0.00015949,907.4,503.03
2,10750,0.615799,,0.00015906,855.4,505.44
2,10800,0.829402,,0.00015863,846.5,507.8
2,10850,0.803983,,0.0001582,824.3,510.2
2,10900,0.467695,,0.00015777,902.9,512.57
2,10950,0.649147,,0.00015733,895.7,514.89
2,11000,0.64806,,0.0001569,837.0,517.27
2,11050,0.612831,,0.00015646,852.0,519.58
2,11100,0.666966,,0.00015602,842.3,522.33
2,11150,0.669221,,0.00015559,748.9,524.97
2,11200,0.588521,,0.00015514,834.0,527.5
2,11250,0.761104,,0.0001547,746.1,530.27
2,11300,0.646898,,0.00015426,771.1,532.9
2,11350,0.510368,,0.00015381,832.9,535.47
2,11400,0.531908,,0.00015336,769.5,538.3
2,11450,0.6782,,0.00015291,849.0,540.66
2,11500,0.719866,,0.00015246,850.4,543.06
2,11550,0.675799,,0.00015201,821.9,545.48
2,11600,0.680474,,0.00015156,828.1,547.89
2,11650,0.659033,,0.0001511,817.9,550.34
2,11700,0.551396,,0.00015065,945.1,552.49
2,11750,0.565443,,0.00015019,852.5,554.75
2,11800,0.631799,,0.00014973,876.0,557.09
2,11850,0.70723,,0.00014927,840.3,559.5
2,11900,0.564739,,0.00014881,819.5,561.87
2,11950,0.734328,,0.00014834,869.1,564.21
2,12000,0.765627,,0.00014788,853.0,566.67
2,12000,,0.629304,0.00014788,853.0,573.7
2,12050,0.728056,,0.00014741,809.3,576.37
2,12100,0.759669,,0.00014695,847.5,578.77
2,12150,0.707164,,0.00014648,802.0,581.27
2,12200,0.642223,,0.00014601,868.2,583.7
2,12250,0.596219,,0.00014554,793.8,586.22
2,12300,0.718604,,0.00014506,880.7,588.6
2,12350,0.675224,,0.00014459,899.5,590.97
2,12400,0.656458,,0.00014412,914.7,593.28
2,12450,0.738605,,0.00014364,823.4,595.72
2,12500,0.577148,,0.00014316,815.3,598.13
2,12550,0.534232,,0.00014268,790.9,600.65
2,12600,0.685877,,0.0001422,811.7,603.08
3,12650,0.636794,,0.00014172,797.3,605.57
3,12700,0.726933,,0.00014124,808.2,608.0
3,12750,0.841803,,0.00014076,789.7,610.58
3,12800,0.592174,,0.00014027,779.5,613.16
3,12850,0.511828,,0.00013979,790.2,615.79
3,12900,0.573183,,0.0001393,812.0,618.48
3,12950,0.521765,,0.00013881,801.4,621.0
3,13000,0.714439,,0.00013832,841.8,623.47
3,13050,0.926739,,0.00013783,855.4,625.84
3,13100,0.690737,,0.00013734,805.2,628.42
3,13150,0.561709,,0.00013685,740.6,631.04
3,13200,0.483751,,0.00013636,768.3,633.65
3,13250,0.585834,,0.00013586,743.7,636.38
3,13300,0.746716,,0.00013537,742.9,639.06
3,13350,0.608839,,0.00013487,799.5,641.56
3,13400,0.640629,,0.00013437,830.3,643.98
3,13450,0.532557,,0.00013388,803.1,646.48
3,13500,0.630399,,0.00013338,951.1,648.67
3,13500,,0.62977,0.00013338,951.1,655.01
3,13550,0.527047,,0.00013288,889.8,657.27
3,13600,0.640546,,0.00013238,926.9,659.43
3,13650,0.654591,,0.00013187,895.8,661.66
3,13700,0.545382,,0.00013137,958.1,663.81
3,13750,0.595336,,0.00013087,891.6,666.07
3,13800,0.520912,,0.00013036,962.0,668.19
3,13850,0.537048,,0.00012986,900.6,670.44
3,13900,0.661553,,0.00012935,944.9,672.61
3,13950,0.74142,,0.00012884,972.5,674.77
3,14000,0.494431,,0.00012834,954.8,676.95
3,14050,0.579648,,0.00012783,956.8,679.09
3,14100,0.744631,,0.00012732,929.3,681.26
3,14150,0.454467,,0.00012681,911.3,683.45
3,14200,0.596359,,0.0001263,908.2,685.64
3,14250,0.658018,,0.00012579,896.1,687.86
3,14300,0.774916,,0.00012527,931.6,690.04
3,14350,0.42971,,0.00012476,909.2,692.25
3,14400,0.683357,,0.00012425,952.6,694.39
3,14450,0.544709,,0.00012373,952.0,696.57
3,14500,0.491631,,0.00012322,909.1,698.73
3,14550,0.733274,,0.0001227,892.8,700.93
3,14600,0.584659,,0.00012218,887.2,703.18
3,14650,0.768275,,0.00012167,919.6,705.4
3,14700,0.647849,,0.00012115,887.7,707.62
3,14750,0.650863,,0.00012063,941.0,709.77
3,14800,0.722655,,0.00012011,915.1,711.98
3,14850,0.629137,,0.00011959,877.2,714.29
3,14900,0.890549,,0.00011907,874.5,716.56
3,14950,0.454959,,0.00011855,944.1,718.79
3,15000,0.551071,,0.00011803,914.4,720.99
3,15000,,0.61152,0.00011803,914.4,727.25
3,15050,0.611249,,0.00011751,965.5,729.56
3,15100,0.325271,,0.00011699,925.6,731.74
3,15150,0.614546,,0.00011647,923.6,733.93
3,15200,0.656005,,0.00011594,900.5,736.15
3,15250,0.551595,,0.00011542,932.9,738.33
3,15300,0.482602,,0.00011489,888.4,740.62
3,15350,0.771653,,0.00011437,915.2,742.81
3,15400,0.683495,,0.00011385,912.1,745.03
3,15450,0.69427,,0.00011332,906.6,747.25
3,15500,0.577414,,0.0001128,917.8,749.41
3,15550,0.536927,,0.00011227,927.5,751.61
3,15600,0.358172,,0.00011174,898.4,753.87
3,15650,0.712011,,0.00011122,904.8,756.15
3,15700,0.694722,,0.00011069,937.6,758.35
3,15750,0.402272,,0.00011016,895.2,760.58
3,15800,0.562678,,0.00010964,946.0,762.72
3,15850,0.96616,,0.00010911,921.1,764.9
3,15900,0.543923,,0.00010858,926.6,767.12
3,15950,0.470571,,0.00010805,924.9,769.28
3,16000,0.666503,,0.00010752,898.2,771.51
3,16050,0.545375,,0.000107,947.3,773.7
3,16100,0.423923,,0.00010647,880.6,775.95
3,16150,0.524039,,0.00010594,878.1,778.19
3,16200,0.545313,,0.00010541,885.3,780.44
3,16250,0.667838,,0.00010488,879.9,782.7
3,16300,0.437138,,0.00010435,896.5,784.91
3,16350,0.455992,,0.00010382,883.6,787.17
3,16400,0.475884,,0.00010329,893.6,789.42
3,16450,0.590874,,0.00010276,894.1,791.65
3,16500,0.832862,,0.00010223,879.9,793.89
3,16500,,0.600315,0.00010223,879.9,800.25
3,16550,0.635587,,0.0001017,885.4,802.64
3,16600,0.667161,,0.00010117,887.6,804.86
3,16650,0.779444,,0.00010064,890.9,807.11
3,16700,0.747731,,0.00010011,901.1,809.31
3,16750,0.508214,,9.958e-05,948.9,811.52
3,16800,0.54519,,9.905e-05,931.1,813.73
3,16850,0.813122,,9.852e-05,885.3,815.99
3,16900,0.791995,,9.799e-05,879.1,818.24
3,16950,0.661548,,9.746e-05,869.2,820.51
3,17000,0.704805,,9.693e-05,919.6,822.68
3,17050,0.570278,,9.64e-05,889.5,824.93
3,17100,0.605946,,9.587e-05,908.9,827.15
3,17150,0.437162,,9.534e-05,933.1,829.32
3,17200,0.577438,,9.481e-05,887.0,831.55
3,17250,0.65,,9.428e-05,900.8,833.76
3,17300,0.631746,,9.376e-05,885.0,836.02
3,17350,0.684862,,9.323e-05,897.0,838.29
3,17400,0.606551,,9.27e-05,904.0,840.51
3,17450,0.575605,,9.217e-05,891.9,842.73
3,17500,0.73399,,9.164e-05,902.7,844.94
3,17550,0.668418,,9.111e-05,912.8,847.15
3,17600,0.560113,,9.059e-05,882.6,849.41
3,17650,0.504453,,9.006e-05,890.2,851.61
3,17700,0.584381,,8.953e-05,921.9,853.86
3,17750,0.672904,,8.9e-05,881.1,856.16
3,17800,0.7479,,8.848e-05,891.1,858.42
3,17850,0.710003,,8.795e-05,874.5,860.67
3,17900,0.823607,,8.743e-05,946.9,862.82
3,17950,0.657763,,8.69e-05,910.7,865.04
3,18000,0.57707,,8.637e-05,887.5,867.28
3,18000,,0.584029,8.637e-05,887.5,873.58
3,18050,0.68405,,8.585e-05,789.4,876.24
3,18100,0.425052,,8.533e-05,819.8,878.64
3,18150,0.566505,,8.48e-05,790.2,881.4
3,18200,0.623847,,8.428e-05,809.0,883.84
3,18250,0.73158,,8.375e-05,824.1,886.27
3,18300,0.527534,,8.323e-05,837.2,888.74
3,18350,0.593975,,8.271e-05,902.7,890.99
3,18400,0.670136,,8.219e-05,924.6,893.23
3,18450,0.588879,,8.167e-05,875.4,895.5
3,18500,0.619953,,8.115e-05,932.0,897.71
3,18550,0.778516,,8.063e-05,842.6,900.07
3,18600,0.638586,,8.011e-05,858.7,902.38
3,18650,0.589439,,7.959e-05,861.1,904.76
3,18700,0.830964,,7.907e-05,852.7,907.15
3,18750,0.605936,,7.855e-05,809.4,909.59
3,18800,0.692154,,7.803e-05,866.0,911.92
3,18850,0.616998,,7.752e-05,899.5,914.12
3,18900,0.543737,,7.7e-05,880.0,916.44
4,18950,0.602067,,7.648e-05,843.1,918.85
4,19000,0.618398,,7.597e-05,825.3,921.24
4,19050,0.434695,,7.546e-05,866.8,923.53
4,19100,0.571737,,7.494e-05,863.4,925.84
4,19150,0.426518,,7.443e-05,881.5,928.11
4,19200,0.731902,,7.392e-05,875.0,930.4
4,19250,0.633831,,7.341e-05,907.7,932.69
4,19300,0.481333,,7.29e-05,830.4,935.08
4,19350,0.520581,,7.239e-05,878.4,937.38
4,19400,0.671887,,7.188e-05,866.2,939.68
4,19450,0.734989,,7.137e-05,863.1,942.03
4,19500,0.673958,,7.086e-05,875.6,944.32
4,19500,,0.593765,7.086e-05,875.6,951.06
4,19550,0.682782,,7.035e-05,867.8,953.41
4,19600,0.508072,,6.985e-05,830.4,955.78
4,19650,0.701449,,6.934e-05,866.5,958.06
4,19700,0.650974,,6.884e-05,851.2,960.37
4,19750,0.651257,,6.834e-05,874.7,962.6
4,19800,0.65394,,6.783e-05,890.4,964.87
4,19850,0.686538,,6.733e-05,905.2,967.11
4,19900,0.680023,,6.683e-05,898.7,969.35
4,19950,0.591171,,6.633e-05,957.0,971.55
4,20000,0.57243,,6.584e-05,936.8,973.71
4,20050,0.573022,,6.534e-05,882.3,975.97
4,20100,0.730417,,6.484e-05,889.7,978.21
4,20150,0.460058,,6.435e-05,906.4,980.41
4,20200,0.687215,,6.385e-05,882.5,982.67
4,20250,0.710126,,6.336e-05,889.5,984.9
4,20300,0.524974,,6.286e-05,874.8,987.19
4,20350,0.677593,,6.237e-05,874.3,989.46
4,20400,0.548447,,6.188e-05,887.3,991.72
4,20450,0.755337,,6.139e-05,945.0,993.87
4,20500,0.517881,,6.09e-05,894.0,996.12
4,20550,0.413608,,6.042e-05,904.0,998.35
4,20600,0.477342,,5.993e-05,893.0,1000.59
4,20650,0.453259,,5.945e-05,921.3,1002.79
4,20700,0.569997,,5.896e-05,937.6,1004.95
4,20750,0.607526,,5.848e-05,906.8,1007.21
4,20800,0.554269,,5.8e-05,870.2,1009.49
4,20850,0.50716,,5.752e-05,882.1,1011.77
4,20900,0.481403,,5.704e-05,883.7,1014.08
4,20950,0.654676,,5.656e-05,905.2,1016.32
4,21000,0.78568,,5.608e-05,903.4,1018.53
4,21000,,0.584262,5.608e-05,903.4,1024.93
4,21050,0.444371,,5.561e-05,901.9,1027.18
4,21100,0.585496,,5.513e-05,908.4,1029.37
4,21150,0.605994,,5.466e-05,909.1,1031.59
4,21200,0.562722,,5.419e-05,936.1,1033.77
4,21250,0.501692,,5.372e-05,878.3,1036.04
4,21300,0.490447,,5.325e-05,898.4,1038.27
4,21350,0.546199,,5.278e-05,860.5,1040.55
4,21400,0.703479,,5.232e-05,926.6,1042.75
4,21450,0.6049,,5.185e-05,982.4,1044.87
4,21500,0.743246,,5.139e-05,887.7,1047.16
4,21550,0.645525,,5.092e-05,876.6,1049.43
4,21600,0.509939,,5.046e-05,895.9,1051.65
4,21650,0.532324,,5e-05,881.9,1053.88
4,21700,0.688043,,4.954e-05,900.7,1056.13
4,21750,0.491163,,4.909e-05,884.8,1058.43
4,21800,0.484339,,4.863e-05,830.8,1060.77
4,21850,0.594752,,4.818e-05,863.8,1063.24
4,21900,0.644354,,4.773e-05,888.7,1065.48
4,21950,0.651433,,4.727e-05,888.7,1067.73
4,22000,0.548164,,4.683e-05,922.8,1069.92
4,22050,0.625859,,4.638e-05,931.6,1072.19
4,22100,0.630079,,4.593e-05,906.1,1074.46
4,22150,0.732112,,4.549e-05,904.8,1076.69
4,22200,0.603401,,4.504e-05,919.9,1078.95
4,22250,0.674986,,4.46e-05,878.2,1081.32
4,22300,0.650482,,4.416e-05,875.7,1083.58
4,22350,0.559011,,4.372e-05,865.6,1085.87
4,22400,0.485808,,4.328e-05,874.7,1088.16
4,22450,0.532689,,4.285e-05,892.1,1090.43
4,22500,0.623757,,4.241e-05,873.8,1092.73
4,22500,,0.585208,4.241e-05,873.8,1099.29
4,22550,0.454066,,4.198e-05,879.1,1101.64
4,22600,0.673019,,4.155e-05,888.0,1103.91
4,22650,0.602258,,4.112e-05,853.4,1106.26
4,22700,0.659674,,4.069e-05,841.5,1108.6
4,22750,0.724827,,4.027e-05,845.2,1111.02
4,22800,0.674912,,3.984e-05,877.1,1113.31
4,22850,0.647944,,3.942e-05,777.8,1115.9
4,22900,0.554107,,3.9e-05,714.7,1118.72
4,22950,0.384899,,3.858e-05,735.0,1121.67
4,23000,0.638901,,3.816e-05,681.1,1124.59
4,23050,0.572651,,3.775e-05,697.4,1127.5
4,23100,0.752732,,3.733e-05,671.1,1130.49
4,23150,0.527904,,3.692e-05,635.0,1133.6
4,23200,0.66938,,3.651e-05,621.3,1136.91
4,23250,0.717065,,3.61e-05,600.4,1140.19
4,23300,0.534169,,3.57e-05,553.1,1143.74
4,23350,0.660354,,3.529e-05,633.3,1146.84
4,23400,0.633398,,3.489e-05,618.5,1150.18
4,23450,0.533943,,3.449e-05,614.6,1153.5
4,23500,0.671926,,3.409e-05,636.6,1156.8
4,23550,0.441858,,3.369e-05,746.0,1159.67
4,23600,0.673924,,3.329e-05,785.9,1162.2
4,23650,0.63759,,3.29e-05,798.2,1164.76
4,23700,0.522426,,3.251e-05,813.2,1167.24
4,23750,0.572724,,3.212e-05,896.1,1169.6
4,23800,0.493867,,3.173e-05,886.3,1171.86
4,23850,0.571603,,3.134e-05,889.9,1174.13
4,23900,0.635229,,3.096e-05,863.1,1176.44
4,23950,0.548024,,3.058e-05,924.8,1178.67
4,24000,0.617953,,3.02e-05,869.9,1180.97
4,24000,,0.571863,3.02e-05,869.9,1187.47
4,24050,0.625419,,2.982e-05,859.3,1190.0
4,24100,0.627677,,2.944e-05,899.0,1192.25
4,24150,0.435941,,2.907e-05,890.7,1194.54
4,24200,0.595999,,2.869e-05,882.6,1196.82
4,24250,0.63784,,2.832e-05,907.4,1199.06
4,24300,0.647784,,2.796e-05,857.2,1201.42
4,24350,0.498626,,2.759e-05,855.9,1203.72
4,24400,0.519155,,2.722e-05,865.4,1206.04
4,24450,0.455381,,2.686e-05,957.7,1208.24
4,24500,0.555594,,2.65e-05,869.5,1210.52
4,24550,0.76234,,2.614e-05,918.5,1212.76
4,24600,0.511394,,2.579e-05,897.9,1215.04
4,24650,0.487429,,2.543e-05,908.7,1217.28
4,24700,0.564728,,2.508e-05,944.0,1219.5
4,24750,0.64186,,2.473e-05,898.1,1221.84
4,24800,0.736247,,2.438e-05,886.7,1224.11
4,24850,0.661209,,2.404e-05,849.8,1226.55
4,24900,0.579693,,2.369e-05,860.5,1228.88
4,24950,0.562599,,2.335e-05,840.5,1231.27
4,25000,0.501079,,2.301e-05,896.3,1233.53
4,25050,0.775352,,2.268e-05,912.3,1235.77
4,25100,0.548213,,2.234e-05,855.3,1238.28
4,25150,0.576317,,2.201e-05,816.3,1240.69
4,25200,0.622821,,2.168e-05,863.5,1242.98
5,25250,0.77932,,2.135e-05,863.0,1245.32
5,25300,0.844004,,2.102e-05,793.6,1247.85
5,25350,0.752612,,2.07e-05,791.8,1250.31
5,25400,0.581067,,2.038e-05,909.6,1252.62
5,25450,0.592868,,2.006e-05,886.7,1254.87
5,25500,0.703937,,1.974e-05,873.3,1257.17
5,25500,,0.576552,1.974e-05,873.3,1263.67
5,25550,0.520617,,1.942e-05,852.0,1266.03
5,25600,0.516978,,1.911e-05,912.3,1268.29
5,25650,0.621141,,1.88e-05,930.7,1270.45
5,25700,0.562021,,1.849e-05,919.0,1272.57
5,25750,0.587826,,1.819e-05,933.9,1274.7
5,25800,0.631167,,1.788e-05,795.0,1277.24
5,25850,0.570465,,1.758e-05,806.9,1279.73
5,25900,0.561109,,1.728e-05,823.9,1282.2
5,25950,0.644009,,1.699e-05,857.0,1284.57
5,26000,0.662132,,1.669e-05,885.9,1286.88
5,26050,0.585179,,1.64e-05,924.6,1289.02
5,26100,0.461751,,1.611e-05,919.0,1291.2
5,26150,0.832763,,1.582e-05,944.8,1293.39
5,26200,0.534829,,1.554e-05,908.4,1295.59
5,26250,0.676018,,1.526e-05,987.0,1297.67
5,26300,0.649321,,1.498e-05,948.1,1299.83
5,26350,0.743836,,1.47e-05,929.7,1301.99
5,26400,0.533296,,1.442e-05,839.8,1304.29
5,26450,0.592455,,1.415e-05,865.4,1306.72
5,26500,0.593422,,1.388e-05,759.2,1309.3
5,26550,0.571314,,1.361e-05,804.4,1311.81
5,26600,0.819985,,1.335e-05,910.9,1314.12
5,26650,0.57144,,1.308e-05,900.0,1316.37
5,26700,0.671625,,1.282e-05,921.5,1318.55
5,26750,0.342839,,1.256e-05,897.4,1320.77
5,26800,0.596929,,1.231e-05,895.8,1322.99
5,26850,0.496361,,1.205e-05,915.6,1325.22
5,26900,0.691329,,1.18e-05,803.9,1327.71
5,26950,0.508667,,1.155e-05,797.5,1330.18
5,27000,0.574596,,1.131e-05,805.9,1332.75
5,27000,,0.563382,1.131e-05,805.9,1339.49
5,27050,0.621362,,1.106e-05,884.1,1341.86
5,27100,0.487143,,1.082e-05,897.7,1344.09
5,27150,0.558141,,1.058e-05,902.7,1346.29
5,27200,0.553555,,1.035e-05,910.8,1348.45
5,27250,0.646728,,1.012e-05,918.2,1350.61
5,27300,0.603131,,9.88e-06,973.4,1352.72
5,27350,0.477571,,9.66e-06,838.8,1355.0
5,27400,0.481636,,9.43e-06,997.3,1357.09
5,27450,0.494973,,9.21e-06,936.3,1359.25
5,27500,0.831332,,8.99e-06,944.7,1361.41
5,27550,0.659771,,8.77e-06,876.3,1363.67
5,27600,0.600338,,8.55e-06,851.4,1366.07
5,27650,0.666781,,8.34e-06,821.9,1368.66
5,27700,0.625012,,8.13e-06,784.0,1371.15
5,27750,0.508942,,7.92e-06,828.8,1373.6
5,27800,0.541985,,7.71e-06,915.0,1375.78
5,27850,0.455476,,7.51e-06,881.9,1378.01
5,27900,0.458988,,7.31e-06,873.5,1380.27
5,27950,0.626564,,7.11e-06,914.0,1382.49
5,28000,0.586449,,6.92e-06,887.8,1384.76
5,28050,0.668347,,6.73e-06,892.6,1387.01
5,28100,0.687773,,6.54e-06,905.1,1389.19
5,28150,0.495114,,6.35e-06,861.1,1391.49
5,28200,0.509685,,6.16e-06,899.0,1393.71
5,28250,0.359429,,5.98e-06,894.0,1395.93
5,28300,0.445988,,5.8e-06,885.9,1398.18
5,28350,0.95356,,5.63e-06,901.7,1400.41
5,28400,0.530931,,5.45e-06,891.6,1402.65
5,28450,0.602845,,5.28e-06,915.5,1404.87
5,28500,0.600901,,5.11e-06,905.4,1407.13
5,28500,,0.567958,5.11e-06,905.4,1413.6
5,28550,0.584607,,4.95e-06,899.5,1415.85
5,28600,0.523057,,4.78e-06,866.6,1418.16
5,28650,0.77802,,4.62e-06,880.3,1420.48
5,28700,0.535264,,4.47e-06,882.6,1422.71
5,28750,0.669643,,4.31e-06,859.6,1425.05
5,28800,0.45314,,4.16e-06,818.1,1427.47
5,28850,0.65142,,4.01e-06,872.9,1429.9
5,28900,0.641421,,3.86e-06,779.8,1432.53
5,28950,0.678723,,3.72e-06,551.0,1436.1
5,29000,0.470982,,3.57e-06,650.8,1439.19
5,29050,0.442286,,3.44e-06,575.4,1442.63
5,29100,0.675506,,3.3e-06,561.8,1446.2
5,29150,0.662297,,3.17e-06,573.1,1449.74
5,29200,0.475427,,3.03e-06,684.0,1453.06
5,29250,0.546744,,2.91e-06,887.2,1455.24
5,29300,0.506719,,2.78e-06,903.3,1457.44
5,29350,0.614187,,2.66e-06,928.4,1459.61
5,29400,0.502407,,2.54e-06,958.2,1461.78
5,29450,0.599354,,2.42e-06,898.0,1464.04
5,29500,0.630188,,2.31e-06,894.1,1466.31
5,29550,0.692203,,2.19e-06,888.2,1468.58
5,29600,0.64273,,2.09e-06,920.9,1470.79
5,29650,0.674414,,1.98e-06,805.8,1473.23
5,29700,0.622941,,1.88e-06,780.9,1475.79
5,29750,0.498015,,1.77e-06,921.8,1478.13
5,29800,0.490909,,1.68e-06,744.4,1480.89
5,29850,0.601282,,1.58e-06,813.2,1483.41
5,29900,0.517955,,1.49e-06,774.4,1486.0
5,29950,0.559937,,1.4e-06,830.5,1488.5
5,30000,0.537016,,1.31e-06,879.5,1490.8
5,30000,,0.560373,1.31e-06,879.5,1497.47
5,30050,0.560329,,1.23e-06,848.6,1499.96
5,30100,0.567342,,1.15e-06,852.2,1502.29
5,30150,0.606405,,1.07e-06,762.3,1504.98
5,30200,0.354728,,9.9e-07,784.3,1507.58
5,30250,0.625672,,9.2e-07,708.4,1510.33
5,30300,0.662198,,8.5e-07,586.9,1514.07
5,30350,0.528363,,7.8e-07,608.4,1517.31
5,30400,0.634085,,7.2e-07,537.0,1521.14
5,30450,0.550837,,6.5e-07,538.7,1524.87
5,30500,0.5702,,6e-07,542.9,1528.53
5,30550,0.652244,,5.4e-07,828.2,1531.54
5,30600,0.529966,,4.9e-07,848.2,1533.88
5,30650,0.432925,,4.3e-07,810.7,1536.33
5,30700,0.769755,,3.9e-07,834.4,1538.72
5,30750,0.464327,,3.4e-07,843.3,1541.08
5,30800,0.570868,,3e-07,862.5,1543.46
5,30850,0.554555,,2.6e-07,828.1,1545.9
5,30900,0.724271,,2.2e-07,781.6,1548.48
5,30950,0.660663,,1.9e-07,737.3,1551.17
5,31000,0.477342,,1.6e-07,744.9,1553.83
5,31050,0.560735,,1.3e-07,795.3,1556.44
5,31100,0.526744,,1e-07,874.7,1558.71
5,31150,0.722893,,8e-08,872.8,1561.03
5,31200,0.696097,,6e-08,863.1,1563.38
5,31250,0.503542,,4e-08,888.5,1565.67
5,31300,0.479267,,3e-08,856.6,1568.01
5,31350,0.597505,,2e-08,861.2,1570.29
5,31400,0.470673,,1e-08,900.7,1572.57
5,31450,0.550849,,0.0,861.0,1574.88
5,31500,0.457151,,0.0,868.3,1577.19
5,31500,,0.556253,0.0,868.3,1583.77
